Temperatura_C,Vibracao_mms,Corrente_A
65.99342830602247,1.6852355095063283,12.699677718293001
64.72347139765763,1.8818833280940261,12.462316841456385
66.29537707620139,1.2202864852361717,12.029815184960087
"999,99",1.6125938473381143,11.676531611147213
"999,99",1.3698714861756347,12.349111656806794
64.53172608610164,1.4025749232470608,12.196742692710874
68.15842563101478,1.3815212151522263,12.447596610013866
66.53486945830582,1.3272018460640367,12.317585900840985
64.0610512281301,1.5097043255889655,12.524776357659668
66.08512008717193,1.3338099767177924,11.732382394219716
64.07316461437507,1.5540913651559678,12.658697032817162
64.06854049285948,1.4899523781101727,12.0987998023462
65.48392454313206,1.452210390626718,13.037630436312632
61.1734395106844,1.3184872675916803,11.655406090955216
61.550164334973935,1.3846457338863334,12.867981901582624
63.875424941518055,,12.098955391731323
62.97433775933115,1.6001834375248762,-10.0
65.62849466519054,1.3044889510402897,11.758057082972838
63.18395184895758,1.5198664610858452,11.83982634590284
62.17539259732942,1.650277424674358,12.212082973200959
67.93129753784311,1.1661189437757256,12.26141774401775
64.54844739902693,1.608672038475987,11.71314999803071
65.13505640937585,1.3674752482108308,11.987822703869508
62.15050362757309,1.614119733718632,13.071135179305932
63.91123455094964,1.3473481686914965,12.863771585050356
65.22184517941973,1.1390235798670962,12.218161834837016
62.6980128451554,1.1744915124233675,12.0190017390841
"999,99",1.5096169893322764,12.060015663359131
63.79872262016239,1.5519445003442964,12.306758986365208
64.41661250041345,1.3191366749791182,11.488603717400798
63.79658677554121,1.6277184917554748,11.871311731288328
68.70455636901788,1.167695987546208,11.165707963061205
64.97300555052414,1.4867840402705368,12.199611561302639
62.8845781420882,,12.32359796985137
66.64508982420638,1.369632778439568,11.758406768850312
62.558312700057954,,12.786993381645017
65.41772719000951,1.3279173269432096,11.387117168498829
61.08065975224045,1.423088891154035,11.26781255989509
62.34362790220314,1.7012585618428882,12.112225909279987
65.39372247173824,1.3846216260953703,12.523549151306078
66.47693315999082,1.6671384224130283,12.841963845728934
65.34273656237994,1.2740586290684763,11.77055786856553
64.76870343522351,1.6059608355830566,12.539340416715648
64.39779260882142,1.78831372413158,11.980745765249646
62.04295601926515,,11.91368635002959
63.560311583210584,1.3406209489059047,12.441829968743336
64.07872245808042,1.615414425436108,12.32616143920671
67.11424445243783,1.4593909227914015,11.211803921507876
65.68723657913692,1.5742291746742618,12.738270174862947
61.47391968927453,1.3792029626568358,12.690045677073726
65.64816793878958,1.5173179574945799,11.687218649245235
64.22983543916737,1.468864552921584,12.197901766718704
63.646155999388085,1.7335564123319616,12.24701509314137
66.22335257768174,1.5508841686602426,12.130336882911953
67.06199904499191,1.5675205324150405,11.72484742307729
66.86256023823239,1.4176246067755065,11.664188316030975
63.32156495355472,1.4024787551855014,11.987222964504276
64.38157524829757,,12.586364509629682
65.66252686280713,1.5788904284756593,12.271800077297216
66.95109025424472,1.4158031038359473,11.814692833956947
64.04165152430942,1.5579549713792826,12.385849355324172
64.62868204667237,1.9150801597290878,10.575728689684961
62.787330051987944,1.6742249406863385,12.574382850186051
62.60758675183866,1.4347952935664319,11.13014311061095
66.6250516447884,1.740242784432789,11.818779529298434
67.71248005714165,1.4183849253956897,11.440165052686929
64.85597975683933,1.0923750929644291,11.352659262139547
67.00706579578404,1.2983827378165191,12.580413393689259
65.72327205009528,1.1258416157948288,11.766149399344055
63.709760490789755,1.4296973031917384,12.173251940865358
65.72279121101683,1.5036836758379104,11.976539710560408
"999,99",1.8352874624550566,12.23852041361156
"999,99",1.5653854747528326,12.038410945530128
68.12928731162802,1.4561798942382271,11.358503887905716
59.76050979182051,1.6658811162366978,12.49813340972357
66.64380500875045,1.0577729381984229,11.753121708419343
65.17409413647634,1.5471229116217131,11.221709050670125
64.40198529906826,1.6541730387773934,11.785942419517044
65.183521553071,,12.750379895317156
61.024862170798215,1.7287508086413859,12.425110871056747
64.56065622432497,1.5676992814988828,11.82567393279607
65.7142251430235,1.4169424172198397,11.825371147840785
67.95578808948304,1.626556373221257,-10.0
63.9634595634527,1.9541385715608792,13.038373991780421
63.38301279421363,1.536373251011699,12.190967726115776
63.99648591283093,1.5496441172600672,12.215020823595534
66.83080423540414,1.4081278200919511,12.515141727015921
65.65750221931937,1.3300311261070417,12.119394579513257
63.94047959246592,1.666067163308849,11.870478927089648
66.02653486622671,1.3287832348182265,11.901825075457511
65.19415509869609,1.5143132474438785,11.964199370292969
66.93728998106577,1.4044685106469768,11.98138888174508
63.59589381224529,1.5957959651492784,12.36381477181849
64.34467570680447,1.5667324210573896,12.02597294290365
64.21578369373569,1.7075079888515798,12.366320038607789
62.07297010373576,1.3979967202290506,11.959641709945709
65.59224055412915,1.4460250129413257,12.039317595158046
"999,99",1.3042472568435386,11.000899657733946
65.01022691328492,1.4111413479847776,12.458163837351242
64.5308257332497,1.5754600986089704,12.173244237948996
62.16925851589917,1.6513977233290704,12.499005054929826
64.15870935446928,1.315566935164475,10.551872310903155
64.31457096694646,1.673921184021132,13.044187352390363
63.39544546155676,1.7711275717609902,11.930205185922413
64.67742857666798,1.5826869806447401,12.554091408368759
65.80810171362907,1.8753591625116133,11.480047036437234
"999,99",1.3452421601792854,12.306386952531286
65.34915562566368,1.2510690593377165,11.473292218413173
65.51510078144553,1.1442559502191443,11.688115519652097
"999,99",1.7992088622978366,12.957015676933393
"999,99",1.6308731312708116,11.904658799618327
64.94697224910156,1.488883065817909,12.108716436589862
65.12046041988205,1.555993725263964,12.435033865344376
69.92648422497058,1.2749021905403246,12.247840943986303
64.61527807043775,1.9891503959233652,12.075209452571789
65.60309468466723,1.5258442363950455,12.182480501233112
64.9305764605895,1.5218789589209787,13.201707792619137
62.662643924760935,1.6451533247797383,11.971190601483208
67.28564562903004,1.5962018463473426,12.100549523357484
66.50386606537354,1.5447768048558264,12.525327198003806
66.58206389408609,1.3419051089109377,12.552762966478992
"999,99",1.5942936714271991,12.59351515278019
67.8055886218722,1.8764048992950069,12.319365111014593
62.196297874415436,1.7690840092309956,11.428497543634759
66.17371418760054,1.8186373253278794,12.816715766150548
69.38091125161996,1.397756864713763,-10.0
63.018927349738625,,12.151317732619516
63.86740454079445,1.4748426159800703,11.622862074990321
65.19930273017528,1.511144982457739,11.967930826703503
63.993048691767605,1.7188383036941897,12.16438120515174
61.89867313786773,1.1615070740570361,12.160678607725137
"999,99",1.8059100638921228,12.210960377117642
62.87539257254779,1.4683984202842022,12.806855634529324
65.94718486127036,1.414623786010516,12.22676715075699
63.1611515315324,1.2975791249479665,11.877921682354676
68.09986881003508,1.169028665626846,12.48204358414418
63.433493415327526,1.6646341167923828,12.59473524446232
64.35587696758864,1.5146635934376809,11.386196092431504
66.62703443473934,1.2420078200517892,12.298700034924929
62.53827136713209,,12.35058637115545
65.45491986920825,1.4328430601419744,11.851218248320004
"999,99",1.8338043050578787,12.68785340665581
61.78503353087754,1.448081729727279,11.924972206483737
65.3692677170646,1.1993714093763788,12.062788226735771
65.51976558849685,1.450851387182811,11.913464087858065
66.56364574355462,1.445455286050466,12.007789523790734
62.52609857824383,0.9606226714116857,11.4518624565524
62.35908677383145,1.4891410266964376,11.279974558702852
66.0438831312338,1.4538130939582643,12.797252531612486
65.59396934646637,1.6392412729626837,11.576519325840836
65.50098570069176,1.869791218989069,11.504303825271846
65.69289641899395,1.7253130059095514,10.923304943198143
63.63995055684302,,11.680519126155248
65.46450739432201,1.278694818251666,11.338455103296251
65.58614494659736,2.014671960649972,12.821007580068185
63.571297163947264,,12.504908544671316
68.73154902228951,1.5027858583825893,11.655924827411138
65.94766584182358,1.4951749825779994,13.126217902672154
62.6173930055947,1.539616952153571,12.490882743495797
66.31310721726766,1.4711279176152114,11.837584308245688
63.050636659545354,1.3852675986239527,10.750297142563213
66.5741692074849,,13.14547128629537
67.31719115801481,1.4934493459568003,11.305213766618202
63.35863536329658,1.391315045773247,11.177300626521554
66.92675225848865,1.3574308434645672,12.51128521600482
65.825561853873,1.5212860455383794,13.219876203169637
66.64412031998899,1.449004556515829,12.692136409255259
"999,99",1.8007985977165377,12.281954560026179
64.50922376799426,0.9698060383213976,12.297377170832643
63.49252767128502,1.7183013703844923,12.426707779390155
63.22097114074895,1.7492170384995258,12.379464294893383
63.368379430069126,,12.140595711984687
64.8457965811718,1.4314624811839303,12.052100551975938
"999,99",1.4257118268008417,11.96870343605024
65.55338159866004,1.2184976610564358,11.623017705566662
66.65436649807205,1.344436662481825,11.859662461566613
65.02600378375581,1.2778848309068342,11.153521592902308
67.90706815431463,1.8504540886847245,11.950830186602625
"999,99",1.6871356786294922,11.505704446424541
70.44033833317924,1.7543110189988318,11.448205341392114
66.25133469553002,1.644334412808647,12.08994707557674
63.285684887167434,1.2741896457565542,12.6960011431723
62.858215003877774,1.3950959467440454,12.459158303001157
65.96494483048637,1.5978749122455835,11.214749698188411
64.5530744293483,1.255574438221611,11.50518593171483
66.42800098818418,1.6425996860344776,12.470385593994108
65.94647524914708,1.451934920368373,11.508756303230845
64.85434217468625,1.4250358384900805,11.887683425001487
63.30641256386319,1.6421919936406983,12.275026049512276
61.97030555062827,1.588852662297208,11.515827772568182
64.10697009586596,1.427806766836184,12.05268775307298
66.71279758864695,1.7318659606728497,11.332987252540898
65.4281874882604,1.2837873344800206,11.699316178024393
62.50852244257602,1.6231871213888527,12.159890967071268
65.34636185170237,1.6186202515936767,11.203503133234165
65.77063475945768,1.438090712137202,12.2202373689802
63.232285127597734,1.5652266044484235,11.99018110053666
65.30745021189105,1.2497772847229394,12.276244977208574
65.116417436892,1.6848054038413802,12.11195706703233
62.714059404338755,1.4630195727114021,12.682070214986922
65.71557472069657,1.3954553958961922,-10.0
66.12156905273648,1.709801845167378,11.785297229437374
67.16610248635055,1.3591312618914482,12.061148751516141
67.10760410406981,1.218307740727288,12.271649014518195
62.24466126408582,1.1886741652952193,12.024430035162853
63.124349920169756,1.621201990269128,12.020295845601941
"999,99",1.2439141295007434,11.649004156096622
66.02757190182442,1.850958836396873,11.668549541224525
66.0300953726121,1.0836141184232555,11.298697364100153
72.70546298130944,1.8392912736580076,12.87478837159347
66.14178102138634,1.5422034934405238,11.378068382304358
67.2711312803612,1.4806573776259215,11.653547401102045
66.9080035269864,1.3910161826382101,11.640796367215401
66.30278250261159,1.5798272228704142,12.44746218847222
64.3694615107193,1.4924730595150304,11.852525160853986
66.51793844098654,1.7206603764033044,-10.0
63.454349570924855,1.522845529732408,11.663254687878066
64.52636278651998,1.5300603522923755,12.139497081111902
64.0292729043418,1.4272775575572287,-10.0
65.16374827877264,1.4886108752557865,13.072574563886693
69.62931713334702,1.5615603537784117,11.406200790485244
61.2654696148165,1.1579663214686748,12.154910355113513
66.37252038074902,1.2303629155788574,12.31688844046605
61.7745682576207,1.648652818804543,12.20689954872575
64.05613626842113,1.5341730876255883,11.907356170561146
67.17790119393473,1.4632033327294642,11.935089650133287
65.12856003819093,1.5036867866130785,12.021905735989554
62.844510444141385,1.5695163410723343,11.926498999185755
63.569392581480066,1.3920480639381276,12.481939558397455
66.35919549786935,1.3443390549195375,-10.0
63.53926673656573,1.5391690510195364,11.721254107496083
65.43291717916395,1.3043254444769936,11.315098510210461
65.09114367980763,1.5816505511428944,11.955858975824373
63.696799304788364,1.1594832791524319,13.289854668827159
69.28788817865065,1.7058311274651288,11.598162716015135
66.26783804463602,1.5945194964826086,12.819558402722034
60.94971482668478,1.5512059468627752,12.83885040703822
65.37290862953886,1.6965381967891027,11.723205879146002
63.67642707046323,1.8330948888925154,12.284491539592638
66.70486666959245,1.7028740130036262,12.814198311564269
63.4149585231346,1.131825153733671,11.810436129506256
64.77052711706621,1.2440846066528597,11.89820981994882
66.00997455796092,1.3750362844608643,11.709159543025677
66.73151038834024,1.5052182100421667,11.492621634653567
62.599407185888445,1.6035318040938247,11.675361227466997
64.33099752831811,1.354851237369307,11.388029866618872
"999,99",1.5373533528954157,12.017041734129613
"999,99",1.3489234135293355,11.615013384470679
68.53090848056219,1.3776964394016105,12.116892955895374
65.8099634219219,,11.222052176898186
62.47823209132991,1.3153533507778192,12.165440116107229
66.83572389410955,1.2296630788767333,12.416764480804462
69.24431239402527,1.3048253494045334,11.003132178714273
67.0649305211023,1.7107283593215679,12.187028284923786
61.961260068091974,1.3101202222336115,12.613834496236645
64.0315318542675,2.026476412967478,11.395179490654398
67.53382229837325,1.598663580176178,12.836286193418852
63.584661068762436,1.5369672247389747,12.209509504683023
65.88763885629245,1.3283284439637573,11.647494072120796
66.54926810685868,1.6400619758817983,11.972115461171146
63.146139056843836,1.3848724347524453,12.27916345626086
64.8809492878764,1.5244019629290724,12.038002695706206
"999,99",,12.269377996223184
"999,99",1.48078802005507,11.539663203460316
"999,99",1.7298546652571352,12.08468041201804
62.5044336360703,1.3593647149748225,11.29314275154751
68.26482260786327,1.4930023019006076,11.94438696932565
"999,99",1.854160127127102,11.548046179267605
64.11991102660603,1.3746065884424465,11.632235028705116
65.26148115457218,1.8624897115993857,12.61804658760522
67.88254657813224,1.641550387091095,12.545655060297134
62.12827569764112,1.3875066448211464,12.304569060453588
67.32632750430992,1.626481547811104,11.453843617663711
65.02046612203917,1.694510889925346,11.8417957751526
63.0369826979041,1.6243619924434394,12.606548849989592
65.92420694852655,1.1859550560219088,12.070858456819952
65.39811939114693,1.3545725648350262,13.159664769990847
63.79956624568241,1.450496272889699,12.196658919697185
"999,99",1.4851133141799908,12.096024558245016
64.22937280627647,,11.84544176789875
65.22703469050249,1.5355402001866507,12.066770452391141
66.32426134904209,1.2329311282579798,11.923765081809728
68.1720336322907,1.5760395702011927,12.354054338344294
62.524369002346305,,12.478351158397292
69.26606674931253,1.611958089586208,11.607005269746026
61.095824400954996,1.7161561451109244,11.334383523221112
64.69642980992883,1.6667844309097808,11.081897313448351
66.17663441296915,1.5918360158456872,12.253995663456271
65.56198373547006,1.4859668577082705,11.448316696913063
63.754600960358815,1.1678078132968017,10.92355470352376
64.58375549928545,1.5859236438265172,12.194289302265481
64.01399813068234,1.5415375374326223,13.246499758716395
63.82127048611158,1.5543157674390746,11.996964544230053
"999,99",1.244650284835938,12.419245387225821
65.7140309719301,1.2837886919183474,12.040914679273783
"999,99",1.7106305706665808,11.950555173404428
66.7991997508665,1.492088969228669,12.459538241493885
65.61459904175322,1.636300139474525,11.854862727905674
66.62572423767791,1.5056636752260921,12.133696157035951
66.25925768384722,1.5059512278991491,12.160848903098007
"999,99",1.6876567611951996,11.665954773178475
63.87963791960606,1.3967910543565252,12.496021174768261
66.49458721024652,1.5192241553881967,11.912520121652296
66.22074053086693,,11.622127420253578
64.9581968120717,1.4131007545135368,12.268254921785202
"999,99",1.438165575306272,11.550766009104482
67.55532979157685,1.5444267543267425,12.014090578684565
63.81685722232834,1.4042502756673045,11.995440501677898
66.09419476234008,1.7511512251147041,12.542947782915789
64.59561469513221,1.3210785395560993,12.237349116439976
64.56463759354556,1.4626256711677281,11.987486520627428
67.19755370397438,1.412053788345165,-10.0
66.65083269797606,1.7893955768707466,12.695103774508656
66.62701927200128,1.539310955302315,12.27890515317593
67.61095761430866,1.706368907893727,12.00517630992169
65.04200768326552,1.2028879253926057,11.34408188382492
"999,99",1.5534100531738517,11.467443168462314
64.37946648681309,1.6779261591246875,11.847387647822666
65.64833270497688,1.516456797855085,11.695243898920358
64.73971389126463,1.7130960750130702,11.906514348507278
65.19399192998543,1.3965423099799255,12.028324962448554
"999,99",1.781869488037116,12.264846377178365
63.36355863353305,1.9597796247238501,11.964750610970455
69.18477455137092,1.4274322879120682,12.2432508219131
"999,99",1.4108994957198457,12.03223720740506
62.57162277442453,1.7906768954235401,11.012266716823063
67.31622174700014,1.8159144291461424,11.530332303090622
66.58332538792587,1.3954279945693464,11.927956222139192
66.24823963410431,1.4159626365808284,11.395152628579446
"999,99",1.4436430782278986,12.299964364998102
64.97550645430617,1.2311098977931445,12.76537541617185
63.205491257028335,1.3162696107031604,12.609380925848658
65.15160911638745,1.2991718466495863,11.893278564534896
63.645676576975774,1.3464404869791742,12.745363068424975
66.9502394668355,1.4930630225226438,12.074333728601056
64.70588523699573,1.5468429465073041,11.83145701444098
63.34900560641498,1.8101000985628155,11.69329866822953
64.35722831669402,1.3003291918522417,11.848765156755936
65.82586290855124,1.6968644796953167,11.805911590729385
63.87255089439205,1.4572022311548982,12.085208111187743
63.355559208867135,1.4901072580695134,12.080286990524932
"999,99",1.6349638984333208,12.001523010076708
65.48993314221744,,12.218469084873174
63.98611364925774,1.57648194923681,12.595323137393171
64.05792338876336,1.5332904416426112,12.474777067720662
65.46409987471527,1.5984902528016298,11.257551015775048
62.10383131700535,1.5578337287815636,10.723039432549022
62.18507245124689,1.9910600279821788,12.467159955619637
63.56311155749513,1.372452003149737,11.31656065079229
64.5731056965763,1.3938006089996364,11.887617299053659
65.62181513119602,1.375371894715047,11.414943486970321
67.9507124338991,1.388904576167949,-10.0
66.71531924640404,1.3725225745386964,12.270731364102394
64.68012294007315,1.7378033062215104,12.379577580151324
64.96196758419462,1.784100849597971,11.71174479963664
62.99494127072438,1.3858507412501047,10.704478853927546
64.96297372801521,1.3335288853791543,11.726877775873758
64.42268272215972,1.5942831112772808,-10.0
65.64543712067618,1.3895553911438057,11.260544215612935
63.345538112895355,1.6265863635511022,12.091679959889579
"999,99",1.54058460417026,11.992345075413501
68.06547782600515,1.1968511770005537,12.289645749800544
64.78247970308628,1.8095010402660123,12.059790184207076
65.80342344419789,1.8591755346191043,11.513465529559221
66.38028798342222,1.3774422619031228,12.598285750832245
64.19755905622833,1.422459688012803,11.920735213486514
65.44818496362083,1.557173078144981,11.986347730245035
65.02518480156358,1.566891357997405,11.533366020463403
65.19535219709766,1.6317088545345662,11.778358874404244
"999,99",1.9020409077532698,11.55759864298655
65.04902034851789,1.46461055450119,11.913526970038289
65.9959965824909,1.3403405510923092,12.85585424007117
"999,99",1.2241361543970946,11.314049428534322
66.91854165217042,1.3538139920116161,11.19321930106163
69.30636491502311,1.4933746054252406,12.735585163746805
63.465304874223904,1.8589115727035574,11.895338161424068
66.74464127344136,1.3964777401927657,11.665463630670041
65.3666840114767,1.5447575903277797,12.519952343698039
69.37960586643534,1.4967154207854496,11.697192230131568
63.3834034292897,1.7376786546896168,12.913004856773469
63.32055631563845,2.0053864851747245,12.338962935669635
63.80121470911195,1.3938262454159358,11.756044295927149
60.752208551380384,1.4021121114963555,13.07865410663275
63.948489956638475,1.7088321754138145,11.697142538498332
63.48173467689261,1.6363782979252623,12.371047686004653
65.30078757295242,,12.149646290203245
65.68351195155432,1.6167856370651927,12.650870644699399
68.75234167843178,1.428141581842588,12.780755598363426
66.9008476763721,1.618130966138462,12.016002074532883
63.846192688675195,1.7217407161165816,11.623291064826908
63.20317065730328,1.6640964362394728,12.229986071469558
65.983838343013,1.6014548062214595,11.661142315123946
62.359533585958715,1.7133349379178309,13.006693623763312
68.6629175317087,1.7338591180891345,12.068267665541368
67.35888024144258,1.7764317982075055,11.817339224343945
64.0616486957906,1.6297419775179285,12.092340152932454
61.57373094181825,1.466576383936629,11.326436855235151
67.70774474833082,1.5293427372866646,11.514192980744674
64.77092030949477,,12.600206953972213
67.47563262394692,1.336612865802553,11.671552860514302
61.81114468241127,1.5737346617745802,11.47654450865903
63.801249954092455,1.4213322375345279,12.268326376263643
65.01048739943637,1.5057489645869635,12.592852077331498
65.09396118752949,1.7556903725214599,12.359476655332534
64.09986905704152,1.5382198136039806,12.498023842902908
"999,99",1.5092873096312298,11.62160245571527
62.86475914123481,1.2280287718040162,11.289094666629078
64.71524102995741,1.6492507132054441,12.750666825977744
65.2405912634238,1.629096836228215,11.838660080578933
66.0288776681175,1.932650944661092,11.874583491772476
"999,99",1.4384443530093998,12.664097070924528
62.75071581632426,1.543830065532788,12.27811500470033
61.93177165852875,1.549876736742151,12.227943886040803
67.55535364379702,1.8154906559526949,13.082501172450542
65.66462802395918,1.4809408935226096,11.678240884809929
63.50302692688689,1.5558043051540678,12.463920064040618
68.10230395104504,1.6215793019433078,12.028506562448543
65.23134926858572,1.5373218246312716,12.134296139431628
67.35859436812765,1.4107132770898942,12.764234213206265
65.13503696282022,1.5388179985796615,12.253917878144811
69.12149584976397,1.7147263499719545,12.269148039524817
68.5106816848864,,12.5362536686549
64.50207170304185,1.526593934829375,11.817523635228557
66.94314190190872,1.3599758370121653,11.580395166330497
"999,99",1.7390093257849686,11.477595402989483
67.73726311506469,,11.016821705312
63.070153078839795,1.3882156305456823,13.028103564970161
66.37210291999688,1.575442375012904,11.448395817139158
"999,99",1.8131048058468682,11.889373188207115
61.48252102715377,1.4868499477854025,11.86159335005554
62.63348297466845,1.3889600946613603,12.15370334890455
60.921535644479796,1.876231413888118,12.407868606269648
64.46118633111088,1.2103972199167512,12.430236744179872
66.43508451159192,1.0602388086759835,11.70846128071553
"999,99",1.5880028900106664,11.916439143106794
65.14818956083955,1.3995891551294777,12.141289975244149
68.25723109114259,1.2957534365738574,11.875654436908226
62.23979708357022,1.6416712894598706,12.803672788009996
61.59323512128969,1.5487601427542397,12.245487475819125
64.88890460220676,1.3871842738526543,12.367438893024909
65.76813089787862,1.243939120265821,12.331440634333706
64.93461050381181,1.674491465656029,-10.0
60.86511579992025,1.6300402355917323,12.090510779351854
64.82175992097443,1.4801648272441235,11.351584026022076
62.39106099899029,1.8693273992095332,12.199843975876322
66.33934509766007,1.2859830467347695,11.674321553104086
65.7331964921937,1.1948949658150523,11.735691659125122
"999,99",1.3616183860237512,12.293182009377547
63.972266165326616,1.4908827967289005,12.619141535716818
62.881572956222094,1.5486678898645383,12.010635788368031
64.87464180545366,1.451752788428734,12.154416506299482
66.91028464100248,1.5704110793028594,12.851107472317619
63.028547907328914,,12.120376589744284
66.00809303103568,1.788752920814652,13.300841557090198
63.939484763255116,1.4835697643214862,12.282754822815772
63.41425433547531,1.7234591663176255,11.119618620422091
64.78593928009089,1.5685450692755407,12.376670810552266
62.92951535516125,1.5913506438307568,12.190579192441389
63.892701389305635,1.6139534560464408,12.644876377041372
62.6042442148223,1.589541712003463,12.336590675634978
68.92945026583278,1.628544551973509,11.930772008008113
65.07052710394346,1.7658305060264863,11.387850881855318
63.60054898401483,1.539304233940294,11.895488371356988
"999,99",1.6418007515177024,11.57473977289535
64.77534390061834,1.4820528611425547,11.709738275097639
64.55806080093356,1.7880234430898945,12.294289202210305
66.22833340008685,1.364721539588146,12.834952252175704
66.51501542009461,1.8601880865821632,12.197335764911491
"999,99",1.4919684098711312,11.402058468982407
63.84836351871064,1.2138449795763904,12.222301334110071
64.44989660569671,1.5256208829821578,12.598315743322825
"999,99",1.363789668505024,11.69510854784031
61.96961787560289,1.6681287097977449,11.93299141666354
67.73374853488905,1.3694752041395217,12.007344097364598
68.28993542700256,1.410763313357044,11.60755084345888
64.50192792088724,1.1220918538108937,12.32414021692193
66.15311392611153,1.4095387361501848,11.93952592569611
65.62250030908707,1.0152241346742086,12.209766221953513
71.15776161691048,1.1832194353028553,11.556253911098949
67.23914982286915,1.6520829312288594,11.781270849838295
64.74416481703847,1.6571600317301665,12.361190678913886
63.08891911879915,1.5850915123569929,11.813583423954116
61.78710735948486,1.3066047713741573,12.863481925616703
65.40692727173445,1.490457728771604,11.800181907192698
63.48729850943139,1.4992794921818864,12.112342362875943
62.155492580804655,1.2683270621614915,12.466295415936544
"999,99",1.80067966035343,11.290817133533483
"999,99",1.6754724581151343,11.119595594009612
"999,99",,11.237171842714952
66.76327951389891,1.505377167798906,12.631292051713592
64.98405471736676,1.5416765615895105,11.724070927053777
"999,99",1.0916530263151418,13.279099642834126
65.15473661529523,1.4505645234958806,11.717876200671306
63.27743159734347,1.3636031504004402,12.092275651598518
68.04624815453931,1.2996759980210169,12.771054976283938
66.07782008736932,1.443779941422809,-10.0
62.925507691347086,1.8595373053699045,13.030751788318199
64.61932264383279,1.628168572253402,12.604183115296571
63.248763493230484,1.3857642020434406,12.512031262905731
62.23440053807133,1.6145165562712318,12.296263474600591
86.55672215233328,4.2974465175076855,16.17118389916586
83.89762856734293,4.456644398785345,16.290455398159857
83.36360223315539,4.262274023700011,15.900607485045002
84.9932510851781,4.407611541108288,15.816328979647675
84.65963075495014,3.9319155999138644,15.674454842032661
84.09354390134546,4.563988112211882,15.752376841006313
86.39277489491343,4.5003616426086674,16.88472832759262
86.91061041714102,4.254873410679543,16.373403874221037
85.1768137725837,4.697773700529721,15.594677690137594
87.95506016211053,4.781271041287967,15.603262612976929
82.71662177173299,4.017732040689308,16.144559818515546
84.61268108144057,4.271182566430136,16.16417943921339
83.5663553587944,4.26925729506381,16.16466515059521
81.26692676585388,4.218029069667341,15.923513261933891
84.83463862831461,4.748842452579525,15.96236372199913
84.75650498323343,4.4418521583681585,16.098363857247808
88.02689948648427,4.420645547606817,16.025767901888
86.26162336910956,3.898841290677974,15.334209888175739
"999,99",4.6906254090627675,15.931060110827442
88.70818513266838,4.1282224815439585,15.744578069721905
87.4420673910507,4.517979789079899,16.052563425672552
86.16419540693722,4.583213081387457,16.895577700781022
84.54703180230034,4.9081975787515955,16.11024449964229
83.08112152655303,4.107353880264267,15.90594109414828
84.2555864478579,3.5941463532537523,16.276540450593174
"999,99",,16.144806366162765
88.76917261186922,5.040153354453256,16.126028347135552
88.08648705654437,4.871683905881831,16.182055177964703
84.02230115642745,4.562897824582388,16.61696306944886
82.76076513342198,4.352509144310385,15.660733469402226
85.2817724938224,4.742136778991193,16.142089623043436
"999,99",4.207936140088659,15.722085661005538
85.64633542836957,4.642907330806866,16.166653793902675
84.70479482740267,4.651641047749988,15.724394046554172
84.06792699626351,4.818062972249664,15.874789955918475
81.81059386546642,5.327898011673323,15.911473025728629
86.02720021313944,4.6177247901536305,16.292745015803412
83.93459832067617,4.3473109122877505,16.275536333182725
82.66016632857942,4.492327706342402,15.626284787066085
79.2554755734367,3.9692772285332647,16.016480233299955
84.94497018989873,4.291586060673283,15.787126043575249
88.5445031933395,4.377215268566069,15.622448526797399
88.32251842909574,4.3427734806196225,15.934894884872689
84.08580748682746,4.545706461610116,15.907455163463254
83.79557587927644,4.25327402028534,16.728014945903656
85.93754851215004,,16.129887947608207
83.00322912162342,4.5000621194754595,15.586714749773728
85.60358379963893,4.497209903658415,15.830567798748717
86.53216055676938,4.4016315850461245,16.30641498862882
87.45386644776862,4.5465572051576935,16.626532831860978
84.7996918470401,4.74752947940029,15.524205006328613
84.59265249964606,4.23986093528673,15.436022684458287
83.24403482648688,4.302565053277423,16.561289552611534
83.34623929192028,4.408882191367001,16.11688425321127
84.54704221619694,4.096238722958035,15.73951218043709
85.73473101363236,4.25422264208355,16.160388725836732
86.8271692524665,4.357133737936603,15.209275678294937
83.3936420986393,4.762316754213818,16.00101265197915
87.98537713791904,4.578768398700578,16.098346351852925
84.45775279791486,4.558076973410263,16.27728104186135
84.95726541130313,4.755269388650392,15.69583121431224
83.50557664170435,4.458788463480181,16.02570614842101
"999,99",4.617139454978667,15.722372612182124
86.7680907927221,4.469033474120251,16.076615126702293
86.47368779418487,4.579608704819888,15.731396103291093
84.43734488576358,4.325172402716525,15.877569748251934
85.13398143444974,3.768354852517071,15.701255381562932
86.0318784354082,4.459716251344108,16.195340872547096
81.87490828622691,4.926824440829982,16.257535334996998
83.94189464530741,4.777864620672478,15.929613829012776
86.58852935924365,4.789619245377351,16.01147139848801
"999,99",4.8708392165418655,15.565422575609936
"999,99",4.526597277288431,15.910097005597963
82.2868363907532,4.559194712221679,15.984938614887476
"999,99",4.3147044313696945,16.786237927308992
84.92871703540503,4.405178143191885,15.666409892267751
81.76973636818899,4.684731344931342,16.43925317162573
87.32947870891434,4.861165331150644,16.29905763203974
83.53081684640391,4.458166117295701,16.08419092134704
83.37949512597123,4.364943220544577,16.52758614525854
"999,99",4.500158387656979,16.111631641782058
87.29727469885744,4.680362024678734,16.116747758700377
82.96835636204321,4.066843555159937,15.984063804094736
85.12335969969594,3.8111457140588287,16.36707066472559
85.85763300066115,4.334838945152525,16.328940770143266
"999,99",4.133786272225753,15.812296813751136
85.35288311055444,4.347557940705807,15.60422584162037
84.26594432183336,4.455665904354759,15.939105808781303
83.34481955870255,4.3640254772930955,15.759988430680707
85.17228776609275,4.935740260341223,15.980942627615393
82.85572197602879,4.598023429380696,16.371231440405243
79.15729903301079,4.590142307883249,15.862809503473963
"999,99",4.68666214321302,15.987152985606528
86.8078696821724,4.158350064665769,16.017406820442517
80.27413512891633,4.811733536226081,16.254529264661585
82.98053859058012,4.477270714039362,15.325933199804618
86.2383085220104,4.701144185172364,15.817989911570411
89.1149909394234,4.1784428300879535,16.063385107683843
85.04158741535082,4.033872370195181,16.36002368692806
83.54399411754173,4.745366897407509,15.852429265748139
84.63420711779033,4.612922857829255,15.437034188187438
87.74975283829637,4.2293845336927465,16.185913433789842
"999,99",4.239101075617592,15.809391283352312
83.4016159866995,4.837630435324431,15.643100002272892
84.03451295563593,4.143176432139802,15.812696383086033
83.09334278348257,4.992801885976789,15.944642392703246
"999,99",4.22981377960564,15.818576600638536
"999,99",,15.33833018287028
"999,99",4.401414457275305,16.26911985906614
84.49529299574742,4.680956229324703,16.382462512383615
84.41637746216891,4.336765799365742,16.19545659740185
81.87361838260668,4.451162128178312,15.658694298872556
86.76621955429432,4.5122757526187165,15.939552539815745
"999,99",4.199343763265558,15.998043605431162
84.63904017281875,4.7222473036260375,16.179638316868573
91.38621513568972,4.346035930058524,16.200502146615424
85.59750581673137,4.431420025397994,15.77974786036645
83.49641789980963,4.201695187617446,16.024598666924067
84.14728480758892,3.731299902361407,16.13718412138457
87.29689141839351,4.442691671219949,16.43674669664403
85.22654082107553,5.223784626483875,16.21135196194742
82.12344404336527,4.735381286369407,16.236717006212654
86.8384578691504,4.494221886079681,16.02514798837881
83.66371182892202,4.421132751237519,16.42313774356105
88.7465955524351,4.506739767843614,16.12292883878785
87.1600961314293,4.664135734552563,15.741673626947929
84.1053562086825,,16.42101099103756
87.56203272347022,4.834296508400661,16.209370981761708
85.1357110210548,4.714614394632373,15.867086793661455
86.70554735024444,4.715455717712381,15.856152109780227
85.96946563458894,4.631542721642918,16.08897266354223
83.30728669001826,4.505884997308197,16.138955438580275
83.71290033536508,4.701858370790046,16.059187679689362
87.05992163516233,4.677544240122414,16.093392602032864
84.33044933578692,4.393787786717692,16.509987212372913
"999,99",4.32791946813093,16.321462945670465
83.0897548413013,4.530556888578596,16.057190677379506
85.84719813118693,4.9647060454485565,16.282393174230243
89.12504983848629,4.12826787730383,15.690242828941738
82.86493417149146,4.059742420274268,16.11937811498404
"999,99",4.549428252370955,16.542791904919934
87.82444111083086,4.515266310556806,15.934586231382287
84.84071721750857,4.552002499311122,15.745709821414275
85.90474359249947,4.57318595937255,15.804373333422081
82.87521294370625,4.433039323609559,15.673110088797284
85.8566141944153,4.946959031580625,15.76457142756169
84.6257114699909,4.019728806457046,15.88884757042299
86.97145999135972,4.251450892565926,15.578329894246407
87.3747721031295,4.469023571955286,16.00468550018488
90.17912728403722,4.0070433566537496,16.270683152135994
86.15926634642715,4.447243678670379,15.727673145955924
85.65159263316433,4.998441049718405,16.45578517709253
85.38876860315467,4.506265946488789,16.15323762655828
84.29366741437862,4.569210271715605,16.309174175687218
85.67696768692338,4.1219505704482255,15.802649633844359
"999,99",4.315091577588157,16.256357568119984
85.33692195253923,4.387441085902819,15.672419829881406
87.63519507121592,4.40468547097313,16.267074250250953
82.98691486944072,4.8844931385011305,16.05155180193806
87.27975712225809,4.667307318217538,16.165975365995436
87.63423013467973,4.166562612918891,15.647321618312544
84.76386294601784,4.573951433529602,15.731479047317018
80.75629020198281,4.649466524549036,16.179168465476014
83.78435602581114,4.84204471155638,15.71549559873274
87.59398909312222,4.974162205970512,16.138961887629737
84.95426387540223,4.195471742451639,15.589858658061926
"999,99",4.256742746636899,-10.0
83.99045015754356,4.122726642325615,15.630243005569447
86.6812400530091,,16.165689981303856
86.09346713640277,4.639907512333901,16.1876892800938
84.52213580166061,4.7962003549767305,15.790968454471127
"999,99",4.477214692907244,16.174607970125418
84.21648370191235,4.404045743023547,16.078132679000067
83.155179631003,,15.838347443142178
88.23075137893889,4.2494571295109935,15.697433594777138
84.35535906157732,5.126861616508432,15.411212292498226
87.434317041651,4.017701691864582,16.104895014189907
88.04263210384491,4.555422173668718,15.530559168591383
"999,99",,16.028603259832394
84.13675937456391,4.502039953368,15.920965535175325
85.80746018067322,4.442988289499552,16.20374283263146
84.95160878721816,4.392766373156872,15.90938635015304
83.19259627853974,4.4458824954712775,15.901165664095872
85.64871856344321,4.911854542402959,16.21956121128649
"999,99",3.836441426601148,16.100517408725235
"999,99",4.960030110388898,16.094846787154832
84.07076540540321,4.072812854264956,16.140780276942557
85.40231931174569,4.4200043012296755,15.539328363037868
85.56657574309229,4.371226673910401,16.227036603996094
84.48219005259185,4.676565980931216,16.183740638204082
86.17338760295056,4.020562694434876,15.69499506142705
84.05019268675495,4.638651799824583,15.92677585789774
86.7425945949145,5.107292886986055,15.98820781371171
82.3080406395065,4.0910477986221565,15.95965096467948
85.25275915909282,4.556911850283119,16.100157989970562
"999,99",4.301405346661017,16.429410034549356
82.99933735078885,4.6277661618579105,16.32453001830185
83.6445100589503,4.505744333224726,15.606334241970577
86.02781569931783,4.307553927286707,16.186620997091815
85.35916356387919,4.646361685461322,16.398679995860622
85.70126019854712,5.041304432936023,16.11604255620676
85.97837426029533,4.44272886248181,16.32729412755579
86.26944293712354,,16.60368113371023
87.21939968391244,4.112018112638651,16.307112863832096
85.81963731385703,4.213069086954597,16.07479257869252
84.51748469076291,4.641721883364113,16.313526542225425
86.34514740240546,4.945234808560789,16.043466349929066
88.79976386979043,4.606684004635698,16.007170912985487
84.73473250723485,4.406082590843054,15.89457572928588
83.05094139065872,4.499787421627007,16.469024007649633
87.21416133857394,4.124877679809085,15.7544714002174
84.75923767209281,4.68135459790661,16.459710317403434
80.65466090797193,4.764699918697023,16.14995923712211
86.69484335430084,4.364372900150076,15.580208147559418
83.92934362809216,4.3589873556721495,16.110294787897427
84.81893343539168,4.579763468895615,15.369992047704512
85.66396066113803,4.368984079187821,16.18765240504931
85.38099935955813,4.480160215612253,16.2655694448967
86.41890363427808,5.129916536749954,15.822293213304384
84.12902725886032,4.425892289776201,16.037064308786675
"999,99",4.392497954393633,16.586247230125085
84.48090664483216,4.305737458309452,15.848275988721419
86.477620961775,4.723257591449981,15.68232772388302
86.23073496802611,4.445632748034569,16.44449902073878
83.12912259591081,4.305188088503572,16.588776157159238
87.17196423235006,4.896391209681903,16.001108701554354
83.9280731097719,,16.303438910622507
86.6161155965623,4.319872930278389,16.402442774659264
85.73457462680268,3.9400380145918152,15.777254730238484
"999,99",4.802254106951077,15.854408249389639
84.5530680352563,4.294611052271999,16.36926235394642
84.30136640776361,4.73718767974883,16.505504283612552
"999,99",3.9089688546864494,16.168864258052306
84.39364043433145,4.767779201489793,15.736055693949384
86.5998838038841,4.1366484212157655,16.596118333509832
81.76737878312683,4.719229235719958,15.840708730656411
82.89263516170729,4.50428192035093,15.899458665648565
82.86439415684161,4.213818174181006,16.102701350346887
86.90061518394715,4.377889106121966,16.46624812621443
"999,99",4.70589553708701,16.256192792965667
84.79110156292505,4.53176833593457,16.124459650108573
84.66235655361997,4.675323894141745,16.13898655903543
85.14010432622636,5.092932175354646,16.013054400593038
87.32375660521637,4.030727516486684,16.167441854355552
83.14529373161885,,15.24113197669171
85.47673796546957,4.531306781256964,15.91101776227906
"999,99",4.2303647855030615,16.072396580475033
"999,99",,15.654695774914147
85.37916323319749,,16.11589699534347
87.00209218513429,4.776495033577338,15.938658633704163
"999,99",4.46173526388674,16.52664270949465
86.35575063906181,4.953346479074204,16.471905917564456
83.69184863374515,4.0646472929845325,15.860258329264552
81.33873420628709,4.496373315646184,15.95474868652999
86.02240519904996,4.124281966676064,15.977815730317483
87.74731709032592,4.6090895647874905,15.864502157152113
84.72510297074462,4.76606621702919,16.05850749520844
86.90574909440588,4.373771461895684,15.772515379333722
88.2245565159773,3.71873584301186,15.660815399518743
"999,99",4.559684444038949,16.186813367170082
88.27992905874278,4.631021565520053,16.188858875266543
"999,99",4.621288426488509,15.758705272102002
"999,99",4.870734657546646,16.26860662922878
81.79606837620567,,15.810526681250401
84.5078750237401,4.704064831635135,16.075949571411396
83.31350680936761,4.857752253743392,16.246103203783736
89.34188543499563,3.966423724798045,15.989916230588886
84.64822837513533,4.595895547775693,16.13642227364234
85.24640961356897,4.348746050697699,15.845071106833728
86.10297075208094,4.475543198069507,15.941060024971572
"999,99",,15.938242170735897
88.39010208086151,4.3538314307659345,15.776026496037929
83.7547012765311,4.297287576251517,15.946967751065266
85.38921491047448,4.510245725246407,15.535414510340877
"999,99",4.173826218341159,15.852653875857369
82.35995497755859,4.1742524613344445,15.914537351989098
83.77646181818943,4.703811984886951,15.923146074251386
84.92592640590317,4.155361789452403,15.927550766238767
84.14139555096548,4.699893750272763,15.981470740041962
83.61515804025228,4.6387773878561855,16.14383245542582
82.18736507265633,3.982257981362821,16.262355122239757
84.83378885474261,4.296730604299303,15.80507043194552
81.990559251938,4.858232820914211,15.639039743383258
86.5201119273792,4.205650340658096,15.687386676327069
85.16487950586901,4.360678721307184,15.853839123641523
82.08489700107013,,15.894423604655048
84.38158184590027,4.735017152784779,15.769001180140762
83.49568718881883,4.424538334186651,15.611165000725032
85.63834902083836,4.320746941592508,15.863163751757744
87.6809008920463,4.9267109585095525,16.05442798603419
81.2496550607085,5.021669899139273,16.17850883975067
85.23005215829484,4.793657415234539,15.832773084067504
84.67973440886672,4.525595442769507,15.87610065335697
86.34268015290093,4.257520283507722,15.721990507345806
85.42639325647538,4.250866678033031,15.990568248887566
83.49606133652236,,15.745471409742755
84.36189212866677,4.6255194662666055,16.17193834397236
83.40794828639302,4.9204795778839285,15.464240052419767
87.1520142771972,4.695135027760842,15.89211109826426
85.04262329734388,4.049075909472054,16.090332201757523
88.80238137150602,4.815584285316875,16.05515035489675
84.87867837237076,4.200581811805677,16.80791009919415
83.58318646617907,4.3848086184142945,16.104940007370374
81.97257121477435,4.575060061875508,15.698783620947397
81.39372064748811,5.09870024693519,15.971360725873279
81.83172811398902,5.432975566801608,15.467126099960064
85.53425330202296,4.682016917740855,15.975820075210972
86.01745004645987,4.445041014383883,15.750083182899772
81.83761859593574,4.660351694544165,16.274617082668048
86.79007662815224,4.76629662776215,15.83513791762134
84.03387789663311,4.403799712332843,15.964970225261427
85.2935860239711,5.038563406773696,15.809332647578678
88.22444125651084,4.56902122775742,16.521655405556
86.79367863173107,4.649322926727418,15.903627170164626
84.46293870418833,4.699777275616339,16.54976711304376
83.21761554916942,4.626475983184337,16.24424552863548
"999,99",4.7516821501408835,16.144620018200616
83.56169336151515,4.314824044035923,16.110619944195257
84.57773952234461,4.332509473816191,16.118139189464877
83.02564094569763,4.1699537301084915,15.421698226196318
84.73748606581539,4.6318503691860675,15.916334981754773
85.15370376591754,4.733680951053635,16.253547391355298
84.55028803638385,4.637331859845566,15.985330844957769
"999,99",5.002347730004261,15.578443045958927
85.33730934393346,4.498321194351286,15.984278664826759
"999,99",4.700622496677754,16.511231654876646
82.8192018451143,4.172489737158205,16.374067514660418
87.82186475949254,4.383870089257679,15.98139879719019
84.80282373543147,,16.285434783117427
85.0376992458897,4.754730633222943,15.890047893889584
86.41642884651311,4.411809915700745,15.488838523951983
85.46643226252701,4.47852022444258,15.722660203561134
86.90627326782649,4.0446378759957575,16.46886663055246
85.57424833040365,4.3928912397580175,15.917802075451208
83.77512525071913,4.7671149490559355,15.926984806187495
"999,99",4.67256150483197,15.910048541117536
82.71254758535868,4.650199716414363,16.571240976871902
85.21711941155304,4.514932106154288,16.48778767460862
84.93354001871108,4.502118947588453,16.66563407003444
84.58376628545491,4.301903658157966,15.952286436879985
"999,99",4.709648526060761,16.088687346624127
81.23630190900472,4.626291883316817,15.545007235173763
83.90255018451808,4.6476056543978395,16.44308032783548
85.18568980228223,4.342189547199726,15.64966613461962
85.3197127839948,3.8539971240386266,16.06503266912879
82.94464971814809,,15.670809241710147
87.5314156817294,4.356348763197479,15.823339951978392
83.267650303571,4.241167270787064,15.74882127068509
86.93891440105347,4.708043673574198,15.817637421797254
85.85438872374337,4.382396208024261,15.838263189055306
83.7075453803124,4.817980915213987,15.835519361522477
88.55062178521902,4.68510178487301,16.250000173534094
82.61272633648704,,15.668541162081244
86.83830834722,4.090213286639839,16.06616242810416
87.00116463608596,4.86358319561592,16.365387745691667
83.65875958184671,4.5783751593701565,15.846041090645981
87.78493060012866,4.389216858226139,15.784624332775719
84.4999069708021,4.543016540202675,15.930842612445925
85.57738725855971,3.967129430130504,16.35391756250821
85.52064367754244,4.622595843444201,16.058232289286007
84.7313825170589,4.191188547545378,15.84063571161772
86.62161654631956,4.09419891424694,16.14516299535641
86.58697744110442,4.043292244134633,15.669312355049072
"999,99",4.833806512496977,16.204407853132885
87.60868048575631,4.311220981892164,-10.0
81.67501602392865,4.9601183129749495,15.907657458658335
87.06509240868331,,15.74842426046583
"999,99",3.987792612722116,15.733995723314964
82.8180671395696,4.165042668015403,16.160445200903773
84.17837142409083,4.870743486002081,16.36869415074672
82.78859066302813,4.453230546618999,15.808807675891362
"999,99",4.335513811052819,16.137516011065447
84.38393143162851,4.548005467755837,15.37389189441938
86.55932106453868,4.650534820850264,15.82461468080284
87.62061749223922,4.8352196447707385,15.99068232013873
87.79136762157991,4.9345497689678774,15.72709497490545
83.87566394684339,4.392069406263274,15.719048087563122
84.58155625251095,4.102185694175389,15.799666133059334
81.6331236155581,,16.087657818497913
83.38825986700762,4.578084151974866,15.943801294478087
"999,99",4.210872322136817,15.328530630002508
88.23116564709646,4.212854725531487,15.36378995420948
82.53130225624015,4.603136364464966,15.817940446642847
83.81507148169422,4.485404294528864,16.137305975816066
84.94718848608214,4.509839098623476,15.17574854718243
85.56032231763922,4.272451399589979,15.850080947154511
83.38079296015671,4.43087978573827,15.842125643044774
85.84812208892818,4.2227300567195085,16.416501333462534
"999,99",4.767059523337436,15.88449345648614
84.97109545824344,4.810574800417125,16.114896695422278
86.0925684960074,3.9461436413285718,16.04237714202624
85.01284453962188,4.2211467419422775,15.36083005605784
84.12722821894687,4.051041223472977,16.23046216498952
84.78078039214834,4.30499281967793,16.064618951636888
84.82327408158933,4.474968609062892,16.15248059190238
"999,99",4.065106434090441,17.177871311930897
"999,99",,-10.0
88.19729434100944,4.198812788375551,16.51740899492833
86.12183889588248,4.562180198819683,15.913765744179893
84.40903936394167,4.520803301110875,16.086198671320904
86.39390880902147,4.283478733998824,15.986346326409627
84.33236102048798,4.5530462616418195,15.872729099980587
87.34624927517328,4.33599597462382,15.829050121528372
"999,99",4.418503466902184,16.098852620671902
84.78539571199154,5.002035627089561,15.544847890998497
"999,99",4.902138315537105,-10.0
81.858247695863,4.110125628921721,15.875141678534424
82.74646506218039,4.748919725363752,15.660979198287892
82.61214998720189,4.743418966347478,15.864996142601257
85.28588618952742,4.155521013374215,16.377144765058773
88.46502999897018,4.745633293126458,15.839399473895133
89.46260029238526,4.9613795755237655,16.107536085462886
86.27610220288152,4.163236558126676,15.780713117285359
86.00168894988892,4.224749153695721,16.227376554977084
81.39788453169452,,16.20565232163706
83.91465240053196,4.5814485932476945,16.554582649988923
83.42443249618353,4.665442882571857,15.947330816350235
83.75830480349777,4.602176764920149,16.200596441427372
84.66371236283042,4.617208776278443,16.029420261861684
84.05581884460574,4.102058361506675,16.388761534558903
81.04140037924843,4.814195311986435,15.78435028371738
86.49582051223507,4.850876997728332,16.223501593863183
82.85451394852039,4.4311827767795915,15.941590811164996
85.4784937282223,4.486956915055841,15.980743546867451
89.14816533949994,4.040667749233283,16.02752574533451
83.16123081682716,4.6542764268053505,16.075672118928004
79.93942495450734,4.671617232514243,15.965131287063413
84.42799155623977,4.481342694900206,16.064413954951156
87.20191926999715,4.837306007961151,16.473435417268654
88.91669490844119,4.399776830706018,16.295634905684565
82.54090081109517,4.66938177776808,16.26074637774907
85.99339844647304,4.194100698392365,15.86333814219284
84.0693790864399,4.492934354737729,15.733227751531503
84.78810329139174,4.4476937226291495,16.286590167471324
90.28868669403407,4.567592376612282,16.26281403775894
81.9940593432097,4.389141921349992,16.441801202725294
85.50747932298914,4.460558221298499,15.81880581220923
85.93538634353087,4.747814151432452,15.931135403391895
87.1715726498787,4.368970728828534,15.508154751242369
85.19596630694178,4.018026869778396,15.882258668181738
85.6161010790082,5.024875171261626,16.298971153173834
84.21670286515642,4.9144362236071455,-10.0
85.53825388249021,4.112321191468315,16.192143938560246
84.31361544900518,4.706912341573558,15.942849068200657
86.2431437797121,4.349107568834597,16.097217108466467
84.26077932791273,4.579046164599318,15.6556925830553
85.75420078780438,4.588267238704048,16.02556283489017
84.94147437263004,4.429677659905104,15.102659208729783
87.25210050154433,4.264870300324081,15.943931152551405
84.89721255282302,4.292837684305122,15.510858026885458
81.45393506358624,4.225142425355627,16.361798354964044
87.52384300142798,,16.233222205829353
83.18853539827477,4.479846512985193,16.140001294589823
83.69246732270236,4.285272003266774,16.456301868147815
83.80867741191301,4.704615619713786,15.715325043752548
87.74887618634163,4.946173846600778,16.52420895937467
80.72865157204261,4.325984027588987,16.279657469278117
91.27549706731999,4.571821350160613,15.929033413834317
87.1121136181321,4.64990553309088,16.340686044154882
85.44647782825832,4.641600681275782,15.66811194627651
84.89021199876743,4.522786580374826,15.752645751541698
85.57110814971531,4.722804725507917,15.817423083028089
86.04224485675867,,15.841306687580795
86.29043117190011,4.128701273301811,15.683032707171924
86.1112089320069,4.760746819316782,16.366924920128596
85.1791613625105,,15.92234367988905
84.60532315938535,4.271014168746426,16.105751490507064
84.69745343269298,4.511381350634281,15.828894590075896
84.61018343929464,4.704998697843321,15.453819009835446
87.26754019373413,4.437205854126192,16.081017207517426
"999,99",4.821893414329804,15.426323507374066
79.11922273067144,5.209161748385808,15.97940978617436
86.31180155305952,4.264204190209505,-10.0
85.38947238943754,4.085686619053868,16.59618279976924
84.96258248710821,4.591145578681463,16.273408816652417
84.22296309382223,4.716468751537843,16.031726137381444
87.24822543997203,4.430740087846569,16.3791120032964
86.89505292424572,,15.74610520676028
83.45424466435279,4.098418260083025,16.16304381360103
85.81410457424907,4.707875586909483,16.059943130115613
83.05668653091743,4.318241753772332,16.0792060244001
82.24076367042214,5.015813371862189,16.38170605003203
83.74656555082007,5.097754605950436,16.21974763083394
86.72478694476551,4.270003023664995,16.08661709884751
86.90625009075217,4.335132859227426,-10.0
86.02617084019458,4.7578763660939405,15.711986111416161
"999,99",4.383860805063145,15.963187319921282
86.03235657422992,4.486376634620329,16.028011712282996
83.7170368095541,4.507616526162723,15.660938882597822
85.86384508934788,3.9240980531407033,16.723503002673525
86.60081905045537,4.495848676171729,16.454918216576072
86.50858265962715,4.293081667780748,16.180635496117745
87.37782674294928,,16.021611058385123
86.41660769440213,4.933089601040645,15.936337309029655
85.70289641508316,4.123047931716223,15.71442446199333
87.14030047663286,4.743961556024393,16.02324415555566
84.94695748150188,4.416311120900457,16.077325762042825
83.23625069754456,,15.627471827355512
84.67386607211247,4.737111568815513,16.100252925173468
83.5101947103871,4.602015388370667,15.953422285352575
109.27657732636783,9.090320456226072,21.136506395035067
112.4188449676615,8.18634327702435,21.968796511060916
113.75918339973506,8.522611354499992,22.018016872044445
120.66306297202057,8.525598950940543,22.472630345843406
116.66965937360128,8.249107903594235,20.633141636719174
110.99355529270032,7.81376722605795,22.59256727384733
116.4581088682529,8.661487251808834,19.295608368397225
110.3580880331849,8.469498014072308,21.370115447636188
118.24807316166122,8.750120234718285,21.511726157548456
113.58662604454636,8.233199846780417,22.63332682607124
114.71909143378248,9.110410649406523,22.02263085267687
118.97738994262657,8.061613109394077,20.594436946143713
"999,99",9.356020142008946,21.015006874182983
110.80864544466102,7.626181745085869,22.198680009547406
113.24920202096199,8.717385032278445,21.920932658135445
118.11513655305795,8.737715341263312,21.420875890364254
"999,99",8.102221466029558,21.51916621048802
106.50353320566829,8.712196968930506,22.69616799715929
113.64652342477301,9.139759334880079,21.482307427130785
116.65522239973276,7.391590580322967,21.911908755970927
118.60078524921649,8.751372403745407,24.169936588080542
113.6105159137438,,20.576317363116075
113.76572017865199,8.017167598238396,20.14815726842534
118.46170220276724,9.314583182450473,22.78358966479861
109.39077490091374,8.209108983303974,21.321356938705897
113.83443767445097,7.913060017795514,21.68176247225738
115.57127166977517,8.40103113550766,21.218843621868885
116.3476561638551,9.533953169081776,21.740199859232487
113.47057992042735,7.584158876396987,23.598538112096342
"999,99",7.974345044180327,22.80212845861812
107.53501793976103,9.248715841589814,22.862223511886977
"999,99",9.428851171768866,20.583772944207354
116.3605261376634,8.448284387854859,20.84884626344713
"999,99",7.880473648736679,19.160921340514573
115.17695266476879,9.54792175090458,-10.0
116.3406175024081,,22.95670318638566
113.9723523974267,8.839473493881117,22.51694651574837
115.51139131298972,8.09379882553129,-10.0
112.11180230414617,8.475485329580982,21.977699716281947
"999,99",8.419819959477584,21.311114457424594
116.83064850876767,8.665425652307789,22.204758882401784
115.47091888290531,9.225500719065668,22.765878279480614
113.2404061913082,8.939708520568702,20.384113212589526
115.67264921287237,7.96131196150762,22.299647687837346
117.14382937190986,9.188248225009769,22.932434870954665
108.85017616426757,8.656566070006578,21.58489971103663
"999,99",8.843532897929459,22.700700612120585
113.99123578395678,9.233270429639301,24.814654444472552
116.27646979972069,7.944209875243224,21.89565720701311
118.59174077093569,8.48208721064677,22.393307050005323
110.8849789083086,8.234272724320393,21.261942916338608
112.87167699271735,7.716070287317272,22.18125116260205
114.13435391237289,8.67335498880246,22.460271624982305
"999,99",9.755778275792212,22.19484234027014
120.20480972751042,7.579961127747124,20.980304680291145
112.42968371851963,8.483859694475266,22.20636177132545
113.3333596615394,8.820271467537387,23.462195938717638
115.61316709480893,8.56153910082809,22.448635764514528
111.39355142177173,8.44343597374213,22.96198718907184
"999,99",7.850391818277088,21.762988029987373
115.95235978375052,8.616393371470082,22.74990023942371
114.00141878685247,8.121618011492037,22.279267838216526
114.71983942330016,7.405039147510723,21.049089270312766
113.41200366265488,9.097296110256865,22.318521004798875
110.4565890724577,8.979192909921021,21.00830333655969
115.96477963401772,8.52583048842554,21.36711972511521
120.26479921494172,8.614537344102851,-10.0
115.05520489235032,9.037159006357781,22.297244273380123
"999,99",8.61216982838904,20.81076753492287
117.07816826535058,8.952008777380657,23.053985771182877
111.1920085103599,8.351258899563074,22.572006278300474
120.10754397438882,9.155991869286973,21.295271564389115
115.6069863892684,8.660392862966342,20.462415203550826
119.89557069726733,8.597025971802937,-10.0
112.80090101342803,7.864969455643984,21.554056286138838
120.45418576767348,8.643477927150855,22.113140457053024
117.32546648210435,8.084022541252775,21.636883338844434
116.65912025755708,8.180858636735753,19.99254313925499
115.70207336305944,8.092312185841939,21.611653061698842
"999,99",7.966882534050388,21.694380888931686
118.60159497542162,9.56238570150848,22.63366102477406
115.42107960954414,9.165669530994201,21.30180032538895
109.09879088923854,9.460183751072131,23.678674673372566
111.648440614879,7.888552490222218,20.088359449348243
114.44246274342176,8.535626874955446,23.311167497802625
115.92999694949667,7.853246187397952,21.775681029121895
114.83023453330031,8.152152561401468,22.859584872343557
"999,99",8.040936508291713,22.079801484058734
109.14669440788413,9.11979200322078,23.13955553602547
115.43076380951548,8.30188516094912,21.61263803544719
109.54606232383854,9.034189666847007,20.901379574822187
117.2791368864525,8.80206044479426,23.420504287271065
114.71662385667399,9.651819376052394,21.88651935411786
116.25882991607236,7.760277888430138,22.22155847362421
112.4083511182307,9.1296166198934,23.234751914044796
118.83839479497325,9.073220435200364,20.968044757905567
118.12517399217656,8.013310580986483,22.59549089763926
116.75063290903566,9.00356666823658,21.41010524353711
114.61144825940968,8.668072481513114,21.867830644355628
116.7395718558854,8.386261870023295,22.07227896538429
112.87932229603796,8.088032256514,20.499778138553065
"999,99",8.140445274275407,21.221162957179565
119.94844268297176,9.524906047892962,23.35107289241314
118.21183167993756,8.500341409478741,22.886191188584796
"999,99",8.89106500076573,21.937360422672764
116.08425195181931,8.104550309166223,22.243123458512894
111.12057536872406,8.110073526889181,21.705757494363542
116.71717093352703,9.040992404624971,23.35658338582798
116.35181023858762,7.825211894224234,21.799647422205837
109.3905509814035,8.292393116047364,22.231842092134848
111.5146484682629,,23.146030144142067
"999,99",8.555686300920026,21.222628515154092
"999,99",8.410453357491923,23.558789184496895
111.37156919374358,8.697909890547962,20.469538590256622
116.16693618805655,8.846427877908905,23.6296421311128
115.75442082682153,8.867318772729664,21.627324416048026
114.41719260406444,8.007098095666088,21.757301252174717
112.73262549952491,8.357922451035602,20.109989828817056
118.14612137924969,9.09738143093847,21.54520528262231
119.96622133926489,8.947323593786937,20.960193468973117
113.54931554846038,7.813570274259468,21.39235365462653
113.16349924853554,8.675739950176101,21.86268903421112
116.47362299623599,7.510887375312595,22.957791614472907
113.92591186075904,8.523467451030184,22.207603351400625
"999,99",9.448883508372989,22.307676653401113
117.21895945517402,8.026053641365507,20.904480611154437
109.27193173747813,8.082838477254208,21.119245910397268
118.95490697455801,8.88201489078643,23.798725018351313
115.21804157298803,7.728599242395177,21.264798965236754
113.76552056631346,8.18362248505748,23.656208252057297
114.73229753733565,8.798220568790876,21.756938801119134
114.88728806506155,8.1828570761553,22.002287936143503
109.80639608966523,8.382015006394514,23.07036516022993
119.48481468235971,8.872092855157517,23.271892421938656
115.12397689681185,8.710773041768281,21.889187439720914
116.32900639134212,8.633409198147701,21.61175694647846
117.85464931172213,8.33043886036498,21.944079551477788
111.9365126273191,8.685030557634478,22.337957528232117
116.42041569710568,8.438133659950122,22.891303686869755
114.19707672730362,8.728902804962893,22.00422985899415
"999,99",8.251533987441011,-10.0
108.6183177389455,8.408715512810229,23.638359732270942
114.7027170992762,8.005021103723992,22.381309612264786
113.19153803264811,8.482496194996882,22.311652856004777
116.29678885190246,8.094499568185578,20.481089174909933
116.41013256210461,7.9429767749190034,19.369269863170935
112.87712231553392,,22.38837572923017
112.86347840747187,8.60636988792883,21.90517576871913
114.66800389432801,8.891436867474287,21.48521732508526
112.31007331805438,8.284437215212451,22.243530204186346
117.52595108635639,8.704026423418378,21.93959627080309
"999,99",8.775398786136831,23.127780250633897
106.27903534203507,8.722386903915798,22.086110868258977
113.87553383013459,8.08717315859893,21.253076714929833
111.88436853746808,8.574681741135594,22.99016623895929
110.10617255361717,8.68207014802733,21.782868925053798
111.28772008533228,8.50358923345397,22.526536683672308
115.3282254154989,7.456761170814458,21.5225892938072
"999,99",8.58024481198674,21.350173114502564
115.93955342159494,9.60626551969862,22.084168230185696
113.18048983535279,8.31998036562151,22.012828643543685
"999,99",8.135961451072339,-10.0
113.62272906934302,8.6866742798557,21.73135424669026
112.91619889251056,8.656189105233286,20.163640216229602
111.53691199530104,9.096367582708208,21.56722611641161
109.74451357974485,7.871065922045556,22.793818467143815
113.83022888032167,8.865690126287497,21.702623920756892
115.47416046976039,,21.75361659748545
114.71012898995534,8.428926731529726,22.986376505905938
113.75209921615793,8.669343658960845,21.288026772741077
112.16276181790965,9.014728740799178,20.4571967817571
116.82473857505491,8.936157690014225,21.839368880474506
111.04860424016024,7.928490343963135,21.51582604875126
117.32808374153042,8.910079093377743,21.033753680246747
111.99334894321983,8.46765569748374,21.82462154410131
112.74269428794089,8.536437049007757,22.491505647246782
"999,99",8.536598495500847,21.990711438432186
113.49579355934308,8.42487850560087,22.306981072686238
117.92593737543393,9.095853748553532,23.813407698515423
"999,99",8.458141020075393,21.657121138442434
"999,99",7.940226935808416,22.27834863464467
116.56642763780181,8.303235072015136,21.490786637400866
111.68899051440889,8.589347358405238,21.153640280113027
114.00763232701733,9.114607392148525,21.41509234658223
112.65940261264761,8.801547342474416,21.521241428478312
118.99172471211712,8.074732360626477,22.359475797547127
111.40963406072106,9.742594958339446,24.34907578670076
117.68109306816733,8.63238765548899,21.28395656372416
"999,99",9.137695368999507,21.58337469438454
120.48886060514826,8.424142783211385,21.936876986888752
113.7709402221115,8.766679622352724,22.39579884870975
117.13696647874049,8.919734252259202,-10.0
121.84495550961653,9.109097355877129,23.28409579394812
113.14707496919891,9.028684152689113,19.573607929464792
110.39487925740292,8.936098500036488,19.613070129804328
109.35996989827672,8.342456634402946,21.504121827989852
117.138136086584,8.21412697902197,23.09730018754371
"999,99",,20.434351968394402
113.88304284118624,8.966564036170535,18.992367660306243
116.31193956111689,8.388639649611697,22.57117940621921
115.55552661048974,9.032585982857194,22.243657223702716
116.27633459255252,9.22630837274309,20.90979159320057
115.66686956740256,8.04183954046329,21.01446039927907
118.83659743994018,8.08153964810186,21.030256280365325
"999,99",8.429812470547331,22.11053531747394
112.9690145846244,8.653806334094599,21.373684723816993
112.68202166418753,8.237716493116475,22.49406391897552
117.49057543558783,9.176101339433572,19.14537333709561
"999,99",8.712033430759226,21.143148134872202
116.35367595795553,8.51972352412037,20.87394603908895
118.55048100066978,7.782045238065736,21.743659321627508
111.46587739787086,7.842092091786246,21.461952241509863
120.0016723346534,8.640504625140903,22.797843779895768
119.56971586513677,7.433702186922582,20.140663228339942
117.20686599173725,9.006318704822036,22.045491476330753
120.34539672631318,8.420923077813839,22.558336423211706
110.03013037696668,10.121546484797367,23.856647436561953
113.42665559121204,9.653958125308055,21.518234028906527
112.79408961795414,8.409275465376242,-10.0
117.16443797127204,,20.196137207437634
111.84957778119356,,19.608043795686974
117.27248544801246,9.351586304959019,22.8447743757817
119.11160843199013,7.680985471281992,-10.0
117.085608700252,7.606812267322657,23.178512689798424
"999,99",8.18898259722281,20.62659711103025
112.03637997729776,8.791368791586931,22.519902139528753
112.45944710162391,8.748436795253799,23.868817840543855
118.74885671589,,22.419705608357265
117.338047011716,7.900151235817346,22.27658150559105
"999,99",7.3419280685155615,22.00855608082435
"999,99",8.929007097651073,20.429118542874086
108.92257638066587,8.085901863517382,23.35557293571035
111.78744274394668,7.490756067805681,21.389142360194935
120.73425726141917,8.57253187297969,22.50448325638302
111.1586332869926,8.89658784410934,20.436965693428746
115.56843946366324,8.438971433939361,20.82054033549222
"999,99",8.271075806908755,23.435087399222237
111.23523199599312,8.420318883927047,21.65269771104216
115.55413142434325,8.314708618799608,23.453275476042545
117.81374661253197,7.825976444029917,21.92176934094148
115.03749796572176,8.142659661504783,20.158102227042143
123.60520916700031,8.760639952506907,22.89206759973172
109.99420222336542,8.66083927068825,21.41010768224439
118.17618558965164,8.58402990298341,22.698688813517045
114.48159478781061,8.00242575907331,22.025210867540082
117.31576046451002,8.409248418932167,20.45688177205713
116.32392145509773,,22.16429476537057
"999,99",8.589238331942695,24.1962231421528
115.68698917737802,9.214428853906783,22.49298645851446
109.42629564580514,7.762933933978947,21.942482246994537
116.80974250171418,8.207036163341122,23.075343401956896
115.89447539797158,8.664553389355065,22.21066846520311
116.91598050592931,9.126421317213742,22.209534230262793
118.17435497526145,8.275887691849926,20.9083748278409
116.10285952062914,,22.233848025789598
"999,99",7.515538428791959,23.035443416416946
112.35679499001613,8.551719064654053,21.163937847899977
112.86333770905284,9.521038020071872,23.424495821246946
118.560203860532,8.638679230982339,21.908293975854875
"999,99",8.488860510408143,21.11223048846146
114.28566869106383,8.661041155383494,22.997632076920244
"999,99",8.4944539980257,21.71320576426173
112.2861568750187,8.093492813869934,22.75951488748611
118.51827053580233,8.911639957838853,21.70824136774146
116.99625047107534,8.612880761555877,21.940173856470096
120.82365230939125,8.508806625966828,22.49356020433429
112.36503076846078,8.012316986360876,22.290897057590005
113.86597630294534,,20.00446821954826
115.69433776757671,8.832351372666555,20.878756259905607
116.93946861317731,8.223539581316349,22.929409984790816
114.3529970873571,9.00091242684097,21.86786341109845
112.3811167286389,8.251214580807396,21.47626869722858
117.64422258677071,8.108998253744481,20.641425984742526
117.16340608763674,,20.92026367872415
112.25117769830882,7.614465723455955,19.978201360038053
119.06632840331649,,21.89871928129847
118.5105961275898,7.584427560830825,21.40156241941895
115.40288949174338,7.885778084367119,21.033412109014684
"999,99",7.462205995460733,21.931876574832046
116.66217331334772,,22.363970630852737
112.41489078923122,8.424839769864064,24.093197932209947
115.09009443749224,8.336651893406819,20.488116580436788
108.54284936617246,7.978711152664712,23.15938104330052
117.6293669365088,7.91388312328168,22.97310156101507
110.31552033267442,8.732184931773286,21.2209072606233
119.510259485287,8.224724034145757,22.20323595458603
114.00963971810064,8.658179160768073,21.542366750662385
114.36499905420646,,22.185688580418738
113.11679828174648,8.590531371385541,23.509131013404552
114.13588337823377,9.151639018658031,22.605606232631313
"999,99",8.793082900196392,22.508608373233443
107.53657403039476,8.293793090891759,21.56969068004536
118.83089615826457,8.628599485177963,20.515943335075665
116.01407044330513,8.379667412734893,21.791531789459594
"999,99",8.503940092347364,23.206608154863915
111.7740628208523,8.337194473925749,20.47283214341035
120.0291790816246,8.417832397057305,20.944910631823305
112.1634793601718,8.606046676537087,22.12626773623407
111.53994846821212,8.003320650209025,21.01534521515274
118.41194362709419,7.992060586505011,21.20747655288479
"999,99",7.805728723084394,21.57640141827182
112.1862232703908,7.699864447748145,20.63438259580985
115.64987492621385,7.89135865388976,21.02587815378363
111.92274194907917,8.579731253402064,22.70342791678731
118.30246419526782,8.053606242254059,20.692630217769036
118.1841128946194,8.756807232115548,20.40212786550516
116.59601859646583,8.517356874376281,21.369975020466107
116.08498318374104,7.515747893280973,22.731955502509845
120.28356437460212,8.827487792110844,21.80307819200311
114.99905898216467,8.905399322795855,21.535418921884382
111.4543776237376,8.003068662582573,22.044358797515606
116.34842173849692,8.710095771447495,20.254292567140347
121.25814114861134,,22.494705653775032
111.95572152044244,8.548835188374168,22.383435031403643
113.91561169991805,7.867750796522517,21.59069152590428
116.24933811430435,7.603446773732712,23.005924511796415
114.83828545298279,8.308591405193516,20.87250390104696
112.05308925886806,8.438135526862581,23.12790899325357
118.36557356869142,8.301160153192699,22.15449366559525
121.96012216605178,7.90798472088872,21.663447410121826
115.58839437707172,8.300050468934431,21.980126364631687
112.287795130792,8.634647376290367,21.892735234189058
110.35311842483958,8.477553484938731,23.220282896417718
115.77392794366354,8.591250515299606,20.923320872528986
118.31163202994877,8.164942399772883,21.2374807608534
116.42550323948615,9.085858957358079,23.03630289207248
114.99278847724344,7.91191333172261,21.40446506481614
113.23218504463208,8.74378014854336,22.90053307733159
111.72350910184574,9.09094554647998,23.69943598300871
117.50425397897465,8.740454046374447,-10.0
117.74131486415676,8.398737886467584,22.681362326575304
110.3628106399278,8.235851476668511,20.846307718660142
119.76951693454205,9.018043825523128,22.75473329806781
116.72221366268201,7.788512537369163,22.199423985986765
119.19878393543738,8.014937869810177,22.473038282160214
110.97361675454465,8.301221117254139,21.354427927964604
110.90252753375368,9.118826878756,20.338916584432827
114.55309207069811,8.689883818020448,22.503252064749503
116.50835328068558,8.015977120744877,19.936596847520544
120.38908246878088,8.344846147307548,21.682649507757464
117.1182367414454,8.192838427951854,22.94118186641997
114.2719561695639,8.145105503883233,22.191897735873034
111.92089237700232,8.98944477927839,23.948342644789815
"999,99",7.814128435368247,23.025109152581773
112.10588372274786,9.304390427867187,21.346101611674424
119.88540566431696,8.914114845092312,22.02731337985144
114.14684605118048,9.045430835301849,21.952629297455562
119.77174621785355,8.268530243987371,20.417823236653874
117.03679387017783,8.425029640460446,21.05960108351565
114.58901353167262,7.783424092737644,21.43923909302014
113.44181088452162,8.237668796466599,19.963779497144063
113.97727636796176,8.746827423821575,22.04749346825164
116.28495007712571,9.148031530890698,21.75092815534696
115.23146948865315,7.946421591598774,20.327106098688425
113.21856577579389,8.317247031507367,22.404212865277334
114.50310576904711,8.424350389883738,22.71587274469096
115.23573108915745,7.802105398903757,22.22703447886489
108.61379771675556,8.7956746208792,21.67593182479103
116.3745043443661,8.138004834128695,22.591442151751856
112.06083632584958,8.402304824411488,22.680220360476692
111.54000279038277,8.274025314044062,22.30740356971969
109.93796695866787,8.105330747140163,21.17538774956524
109.61832250639632,8.496477507259723,22.27660076551118
110.93365749066314,8.39219521071599,23.19548065082548
112.87293712710853,8.314071058860668,21.40337094138827
120.8597774125797,8.135769189159829,24.09793933913243
113.4223609723144,8.659762335391477,21.474369066014617
115.5332503188041,9.326808634246142,22.032407013340137
116.20144415951899,8.569943616419563,21.327514403993664
115.39319555864755,8.998059107455564,22.22327083592026
114.76766961782202,7.804889037423269,20.257778307364724
"999,99",,21.45395820118328
119.35278264483763,7.951315840514467,20.90787879965143
120.42158993091365,7.76153753623405,22.13533834789229
"999,99",8.130314296270482,22.99444737550891
111.92791422734086,9.095949667206787,22.64600618711455
114.16056897286899,8.975007914334823,19.628340639141108
112.10638661526943,8.6215023610272,24.04206965292788
116.5178966603676,7.733649720055035,22.29527994062087
112.81518339278016,8.401859674306031,21.223500859507
121.49516820341981,8.650850004450868,22.15712791899094
118.57164578303079,8.587768114789299,22.176189822502693
115.63772209189665,7.578103208259627,21.333151283048437
118.0809587899592,8.054841075990064,22.197916667342074
118.31770127307193,8.467961117925642,21.392527712379692
113.30815753582527,8.768145454758596,21.595638007309976
112.5513482663741,7.401936089450027,21.313720864244914
115.23442918890895,8.418938012260071,20.567328710260348
117.58490837349383,8.571524384939476,22.145836470215382
"999,99",8.924805994258106,22.585299436516337
110.26901055342701,8.846428792118719,22.514883596076373
112.59152666814748,8.791285659404403,22.819925252635233
114.77808140921687,8.100029746649033,22.324340210014867
114.77300318702251,7.545998931438346,21.467274501783095
120.91762653036942,8.3034736214693,22.839663864431188
110.842036172803,9.00081591260428,20.642482460158064
116.51676772550762,9.196727263762217,21.09932861748752
119.46733932498486,8.855274551148893,21.035799928576754
121.81434923626838,8.714670411400867,23.08005605913931
113.78680773044812,8.689819824192982,22.942788514140076
116.4742883581606,8.22194062661961,22.487305237044996
116.70928107159594,8.43496985322319,23.071929865211796
115.58644519465987,9.334534762913165,21.120717217588012
114.70346439628209,8.028720997104061,22.34859511986098
116.30792616850013,9.307389395354926,21.874825571616835
107.40326174434094,8.33898592275397,22.846882103884916
117.04620847018789,9.16271605454754,21.884775767447803
115.3785337109859,7.796592495251231,21.61505711158992
114.3325753096652,8.792952100582324,22.54090851856099
121.14058658715868,8.131614932026189,22.876169167191232
112.97519794362834,7.792366404037907,21.3316548051532
113.79077203280491,8.609267021205472,21.938924328647623
120.9746599066142,9.004735894297985,20.941559366358348
112.50381608545042,8.077529280703251,19.50193898250706
113.34965415119038,,22.20045963141373
114.55892372970744,8.454077617832523,22.60890535625463
"999,99",8.456282335611409,22.262066809086726
115.62340752205994,8.77415981377725,20.050438282245633
111.12212395854321,8.974797285682245,21.649150569923524
113.40349431061843,8.470292409363752,19.78165223994892
113.17793670036336,9.427751657397131,23.369701107654183
114.76833686433086,8.612117372267646,20.913945417881912
116.27753097588949,8.32678674699655,23.255403609459897
116.25461726766392,7.694216320448586,22.945869643684144
"999,99",8.368670239841917,21.09940964746394
118.19182296268256,8.331806527294432,20.867215048732255
115.75770653798988,8.980152398140735,22.350370216386338
119.15359614278172,8.731241812033428,21.15567596281693
116.33259498187202,7.910315439183691,22.102484642158206
118.30396887320728,8.586127193205519,21.517172409193083
116.39963593435039,8.835765585864527,20.218841585534367
119.03867726860824,9.264015679693916,19.76953198087554
116.56675190805333,8.94375198370703,22.226684248494596
114.70625426067129,8.88042332715574,21.438442253669376
121.81730416134064,8.530042997307582,21.44691018308587
117.66711136683968,8.694156002711726,22.695863839093786
116.72123326301323,9.12475245035308,-10.0
111.17108675038499,7.833611301260175,21.727455278638192
111.1350771476094,8.325280336391522,21.659401293090138
"999,99",8.113715625621879,22.500143033113883
115.43656359330473,8.689576559363061,20.643064430300424
113.15763230497505,9.115111087825394,22.223153054747698
115.42294809883617,8.201512856639463,22.551885971822156
119.76588078413079,7.304847816265281,22.68023020841763
117.08620742365089,8.293889627487765,20.063247297497536
111.57697447074179,8.956736866008704,21.23864473019106
114.66547351857118,8.76881495147494,21.121736747176534
112.58510055744232,8.714093123905288,22.099886954409214
113.83690025077432,8.36000334906276,22.480744579767983
113.75915300311107,7.860484631890107,23.49671040744598
113.56706325218798,8.757647160812233,21.505034519631927
111.23459388407981,8.082859094982688,21.502427501690786
114.61703595544543,9.592048366690229,23.149672018878746
113.31817708945808,,22.296576938530304
106.21165392999319,8.209675848723025,23.267651511187974
121.15891607350498,8.194307376305686,22.288728003009837
118.26630896265002,8.453527896693206,20.84288338128673
113.87109782522501,8.380249038989126,20.666871645222194
115.0564571492218,9.058416887764977,20.44848775094107
111.48503695804732,8.593208084872023,22.662051834758472
120.0871686334326,8.134184130545735,23.188596823087007
120.69186608431933,9.44522034257789,23.84936214138638
115.47008118473957,8.524654165760111,22.84310533232324
118.07059193255603,8.88441983798445,23.162838577534984
115.52586033680177,8.19588674627762,21.419983667346315
"999,99",8.681557813872262,20.843584183256144
113.76452989310903,8.655554995571597,22.850079332417554
115.39578390031588,7.555175353951924,22.417680752239402
113.63635684376966,9.50763755523032,22.107444374340893
114.34404016769489,9.145322230461273,22.38737148063299
"999,99",8.301402341927005,22.323185482458207
114.75736450640362,7.948865129772072,23.283816859853562
115.15677547149245,8.673780806901776,23.294985584816956
111.8181848008102,8.543348849707199,22.544220352340346
112.84895155261619,8.677834474281614,22.845802872562928
111.1462472029001,8.595788698097044,22.514062552424775
"999,99",,21.53883026796538
108.68305917447903,9.223652849695902,22.75656467491314
118.46077102995078,8.784051602564324,20.60550493114074
119.15904819178853,7.97517225054503,23.053891552295884
114.09345823905214,9.181281426356225,20.805477060233965
107.19058873651811,9.320307281744144,22.28580328679473
113.91606831409813,10.076028367256043,21.15484604157384
114.80744751613354,7.938252983380201,22.553388983074427
111.96820534021326,8.621441006575138,21.96607477407209
113.45434481857527,7.458950648405507,20.405244041836667
119.59058559659006,8.776574578189605,22.42069963101848
116.99478148690523,,21.42207922316729
112.2263076568657,9.461722897412477,22.88114672081337
110.2072024912137,8.112692514990709,22.001325688734408
114.01894804717068,7.655408481016369,22.39542098538804
114.35962966194869,8.26436812964874,21.042431044984788
116.48859756208995,7.512256114391431,21.410667768572637
113.39404986229702,8.875549727253656,21.541361363898915
116.53449872608559,7.4674584768718395,22.856702480242557
120.80546212018069,8.514228790591579,23.67737708780549
117.44650306733278,7.461094090071901,21.194828248257124
114.85573447800768,8.339851097731678,23.07684814465768
114.45054858684011,9.321689077902267,19.8303225822743
113.92998059746039,8.680323945717898,20.805810598907712
